{
    "Ar36": {
        "error": 0.00026859611433302066, 
        "filter_outliers_dict": {
            "filter_outliers": true, 
            "iterations": 2, 
            "std_devs": 2
        }, 
        "fit": "Parabolic", 
        "value": 0.014432005131688165
    }, 
    "Ar37": {
        "error": 0.010692690369333598, 
        "filter_outliers_dict": {
            "filter_outliers": true, 
            "iterations": 2, 
            "std_devs": 2
        }, 
        "fit": "linear", 
        "value": -0.007221745411576194
    }, 
    "Ar38": {
        "error": 0.012819133278104546, 
        "filter_outliers_dict": {
            "filter_outliers": true, 
            "iterations": 2, 
            "std_devs": 2
        }, 
        "fit": "linear", 
        "value": -0.04876991909807171
    }, 
    "Ar39": {
        "error": 0.020361015226170433, 
        "filter_outliers_dict": {
            "filter_outliers": true, 
            "iterations": 2, 
            "std_devs": 2
        }, 
        "fit": "Parabolic", 
        "value": 2.740437746417375
    }, 
    "Ar40": {
        "error": 0.018821836135333073, 
        "filter_outliers_dict": {
            "filter_outliers": true, 
            "iterations": 2, 
            "std_devs": 2
        }, 
        "fit": "Parabolic", 
        "value": 4.9312081922880555
    }
}