{
    "Ar36": {
        "error": 0.0004375949612760666, 
        "filter_outliers_dict": {
            "filter_outliers": true, 
            "iterations": 2, 
            "std_devs": 2
        }, 
        "fit": "Parabolic", 
        "value": 0.04390367473705647
    }, 
    "Ar37": {
        "error": 0.012357633847517124, 
        "filter_outliers_dict": {
            "filter_outliers": true, 
            "iterations": 2, 
            "std_devs": 2
        }, 
        "fit": "linear", 
        "value": -0.3259603548299498
    }, 
    "Ar38": {
        "error": 0.013501835083318054, 
        "filter_outliers_dict": {
            "filter_outliers": true, 
            "iterations": 2, 
            "std_devs": 2
        }, 
        "fit": "linear", 
        "value": 0.13125952392442253
    }, 
    "Ar39": {
        "error": 0.02245057541898205, 
        "filter_outliers_dict": {
            "filter_outliers": true, 
            "iterations": 2, 
            "std_devs": 2
        }, 
        "fit": "Parabolic", 
        "value": 14.798033997558417
    }, 
    "Ar40": {
        "error": 0.026360826041171785, 
        "filter_outliers_dict": {
            "filter_outliers": true, 
            "iterations": 2, 
            "std_devs": 2
        }, 
        "fit": "Parabolic", 
        "value": 91.30002786167665
    }
}