{
    "Ar36": {
        "error": 0.00023333189141957792, 
        "filter_outliers_dict": {
            "filter_outliers": true, 
            "iterations": 2, 
            "std_devs": 2
        }, 
        "fit": "Parabolic", 
        "value": 0.011084451952389343
    }, 
    "Ar37": {
        "error": 0.011300075632168522, 
        "filter_outliers_dict": {
            "filter_outliers": true, 
            "iterations": 2, 
            "std_devs": 2
        }, 
        "fit": "linear", 
        "value": -0.5081011339293239
    }, 
    "Ar38": {
        "error": 0.011983644074152174, 
        "filter_outliers_dict": {
            "filter_outliers": true, 
            "iterations": 2, 
            "std_devs": 2
        }, 
        "fit": "linear", 
        "value": -0.12586608010040728
    }, 
    "Ar39": {
        "error": 0.022379570706526686, 
        "filter_outliers_dict": {
            "filter_outliers": true, 
            "iterations": 2, 
            "std_devs": 2
        }, 
        "fit": "Parabolic", 
        "value": -0.030575160696227312
    }, 
    "Ar40": {
        "error": 0.018973274534883112, 
        "filter_outliers_dict": {
            "filter_outliers": true, 
            "iterations": 2, 
            "std_devs": 2
        }, 
        "fit": "Parabolic", 
        "value": 3.400386823171166
    }
}