{
    "AX": {
        "error": 0.011715297299710879, 
        "filter_outliers_dict": {
            "filter_outliers": true, 
            "iterations": 1, 
            "std_devs": 2
        }, 
        "fit": "average", 
        "value": -0.11733903751283632
    }, 
    "H1": {
        "error": 0.011119532439049727, 
        "filter_outliers_dict": {
            "filter_outliers": true, 
            "iterations": 1, 
            "std_devs": 2
        }, 
        "fit": "average", 
        "value": -0.06088745403014904
    }, 
    "H2": {
        "error": 0.010902922810538616, 
        "filter_outliers_dict": {
            "filter_outliers": true, 
            "iterations": 1, 
            "std_devs": 2
        }, 
        "fit": "average", 
        "value": 0.29959282360822354
    }, 
    "L1": {
        "error": 0.007827301723659669, 
        "filter_outliers_dict": {
            "filter_outliers": true, 
            "iterations": 1, 
            "std_devs": 2
        }, 
        "fit": "average", 
        "value": 0.0358671596900577
    }, 
    "L2(CDD)": {
        "error": 1.6948008212534464e-05, 
        "filter_outliers_dict": {
            "filter_outliers": true, 
            "iterations": 1, 
            "std_devs": 2
        }, 
        "fit": "average", 
        "value": 0.00027096631798504496
    }
}