{
    "Ar36": {
        "error": 0.00019175088709482254, 
        "filter_outliers_dict": {
            "filter_outliers": true, 
            "iterations": 2, 
            "std_devs": 2
        }, 
        "fit": "Parabolic", 
        "value": 0.0014354869377654605
    }, 
    "Ar37": {
        "error": 0.011532990635430682, 
        "filter_outliers_dict": {
            "filter_outliers": true, 
            "iterations": 2, 
            "std_devs": 2
        }, 
        "fit": "linear", 
        "value": -0.3584516165172272
    }, 
    "Ar38": {
        "error": 0.013630065671056618, 
        "filter_outliers_dict": {
            "filter_outliers": true, 
            "iterations": 2, 
            "std_devs": 2
        }, 
        "fit": "linear", 
        "value": -0.08638723067807061
    }, 
    "Ar39": {
        "error": 0.023725551625182136, 
        "filter_outliers_dict": {
            "filter_outliers": true, 
            "iterations": 2, 
            "std_devs": 2
        }, 
        "fit": "Parabolic", 
        "value": -0.04684870776590656
    }, 
    "Ar40": {
        "error": 0.018639443871716586, 
        "filter_outliers_dict": {
            "filter_outliers": true, 
            "iterations": 2, 
            "std_devs": 2
        }, 
        "fit": "Parabolic", 
        "value": 0.37953636716302164
    }
}