{
    "Ar36": {
        "error": 0.00029183906066445003, 
        "filter_outliers_dict": {
            "filter_outliers": true, 
            "iterations": 2, 
            "std_devs": 2
        }, 
        "fit": "Parabolic", 
        "value": 0.016570385661898696
    }, 
    "Ar37": {
        "error": 0.010423882573668365, 
        "filter_outliers_dict": {
            "filter_outliers": true, 
            "iterations": 2, 
            "std_devs": 2
        }, 
        "fit": "linear", 
        "value": 0.04123739848049798
    }, 
    "Ar38": {
        "error": 0.013311021420398741, 
        "filter_outliers_dict": {
            "filter_outliers": true, 
            "iterations": 2, 
            "std_devs": 2
        }, 
        "fit": "linear", 
        "value": -0.10671424969266816
    }, 
    "Ar39": {
        "error": 0.020997330869587716, 
        "filter_outliers_dict": {
            "filter_outliers": true, 
            "iterations": 2, 
            "std_devs": 2
        }, 
        "fit": "Parabolic", 
        "value": 1.0199659530243252
    }, 
    "Ar40": {
        "error": 0.022863838253495274, 
        "filter_outliers_dict": {
            "filter_outliers": true, 
            "iterations": 2, 
            "std_devs": 2
        }, 
        "fit": "Parabolic", 
        "value": 65.15735356892475
    }
}