{
    "Ar36": {
        "error": 0.0003531684974420494, 
        "filter_outliers_dict": {
            "filter_outliers": true, 
            "iterations": 2, 
            "std_devs": 2
        }, 
        "fit": "Parabolic", 
        "value": 0.01745590671329103
    }, 
    "Ar37": {
        "error": 0.010762087631029517, 
        "filter_outliers_dict": {
            "filter_outliers": true, 
            "iterations": 2, 
            "std_devs": 2
        }, 
        "fit": "linear", 
        "value": 0.03454743382348995
    }, 
    "Ar38": {
        "error": 0.01146144199829631, 
        "filter_outliers_dict": {
            "filter_outliers": true, 
            "iterations": 2, 
            "std_devs": 2
        }, 
        "fit": "linear", 
        "value": 0.017430007749597676
    }, 
    "Ar39": {
        "error": 0.020850966872176552, 
        "filter_outliers_dict": {
            "filter_outliers": true, 
            "iterations": 2, 
            "std_devs": 2
        }, 
        "fit": "Parabolic", 
        "value": 8.920350648098541
    }, 
    "Ar40": {
        "error": 0.057185322044469175, 
        "filter_outliers_dict": {
            "filter_outliers": true, 
            "iterations": 2, 
            "std_devs": 2
        }, 
        "fit": "Parabolic", 
        "value": 693.5913651483679
    }
}