{
    "Ar36": {
        "error": 0.0005778221475837562, 
        "filter_outliers_dict": {
            "filter_outliers": true, 
            "iterations": 2, 
            "std_devs": 2
        }, 
        "fit": "Parabolic", 
        "value": 0.05645640906837742
    }, 
    "Ar37": {
        "error": 0.011912925524476602, 
        "filter_outliers_dict": {
            "filter_outliers": true, 
            "iterations": 2, 
            "std_devs": 2
        }, 
        "fit": "linear", 
        "value": -0.5537584582315945
    }, 
    "Ar38": {
        "error": 0.013575826459531141, 
        "filter_outliers_dict": {
            "filter_outliers": true, 
            "iterations": 2, 
            "std_devs": 2
        }, 
        "fit": "linear", 
        "value": 1.7943874084403295
    }, 
    "Ar39": {
        "error": 0.033722071820691986, 
        "filter_outliers_dict": {
            "filter_outliers": true, 
            "iterations": 2, 
            "std_devs": 2
        }, 
        "fit": "Parabolic", 
        "value": 146.6038285798125
    }, 
    "Ar40": {
        "error": 0.10756441981349474, 
        "filter_outliers_dict": {
            "filter_outliers": true, 
            "iterations": 2, 
            "std_devs": 2
        }, 
        "fit": "Parabolic", 
        "value": 1822.8104687626562
    }
}